虫害名称(别名),分布地区,为害作物,为害特征,形态特征,生活习性,发生规律,防治措施,天敌
二星蝽(Eysacoris guttiger (Thunb.)、Stollia guttiger(Thunberg)),北起黑龙江，南至台湾、海南、广东、广西、云南，东临滨海，西至内蒙古、宁夏、甘肃，折入四川、西藏,小麦等寄主植物,成、若虫吸食寄主茎秆、叶穗部汁液，致植株生长发育受阻，籽粒不饱满,成虫体长4.5 - 5.6mm，宽3.3 - 3.8mm，头部全黑色，少数个体头基部具浅色短纵纹，咏浅黄色，长达后胸端部。触角浅黄褐色，具5节。前胸背板侧角短，背板的服区黑斑前缘可达前胸背板的前缘，小盾片末端多无明显的锚形浅色斑，在小盾片基角具2个黄白光滑的小圆斑。胸部腹面污白色，密布黑色点刻，腹部腹面黑色，节间明显，气门黑褐色。足淡褐色，密布黑色小点刻,山西年生4代，以成虫在杂草丛中、枯枝落叶下越冬，翌年3 - 4月开始活动为害，卵产于叶背面、穗芒上，数十粒排成1 - 2纵行，有的不规则，成虫有趋光性。江苏、福建8月中旬至9月中旬，成虫爬行在大豆英或叶柄上，不爱飞行,未提及,(1)成虫集中越冬或出蜇后集中为害时，利用成虫的假死性，震动植株，使虫落地，迅速收集杀死。(2)发生严重的喷洒20％灭多威乳油1500倍液,未提及
十四点负泥甲(Crioceris quaturordecimpunctata(Scopoli)、芦笋叶甲、细颈叶甲),黑龙江、吉林、辽宁、内蒙古、北京、河北、山东、江苏、浙江、福建、陕西、广西,小麦,成、幼虫啃食小麦嫩茎或叶肉，影响小麦光合作用,成虫长椭圆形，北方的成虫体长5．5 - 6．5mm，南方体长6．1 - 7．1mm，宽2．5 - 3．2mm，体棕黄色或红褐色，并具黑斑，头前端、眼四周、触角均黑色，其余褐红色。头部带黑点，触角ll节，短粗。前胸背板长略大于宽，前半部具l字形排列的黑斑4个，基部中央1个，小盾片黑色舌形，每个鞘翅上具黑斑7个，其中基部3个，肩中部2个，后部2个。体背光洁，腹部褐色或黑色。卵长l一1．25mm，宽0．25mm，初乳白色至浅黄绿色，后变深褐色。幼虫寡足型，初孵化时，虫体灰黄色至绿褐色，头、胸足、气孔黑色。2龄后乳黄色。老熟幼虫体长6mm，腹部肥胖隆起，体暗黄色光亮。3龄幼虫以后，头胸部变细，腹背隆起膨大，肛门在背面，体外常具泥状粪便。离蛹长5 - 6mm，宽2．5 - 2．9mm，鲜黄色，可见触角、足、翅等。土茧椭圆形,在山东、华北年生3 - 4代，天津年生4 - 5代，陕西5代，以成虫在麦株四周的土下或残留在地下的麦茬里越冬。翌春3月中下旬至4月上旬出土活动，4月中旬产卵。卵期3 - 9天。一代发生于5月中旬至7月下旬，6月中旬进入卵孵化盛期，7月初为幼虫为害期。幼虫期7 - 10天，共4龄。二代发生于6月下旬至9月上旬，8月上旬是卵孵化盛期和幼虫为害高峰期。三代于8月中旬至10月中旬发生。秋季气温高，降雨少的年份可发生第四代。日均温20℃，预蛹期3天，蛹期6 - 8天，成虫寿命50多天，个别百余天。成、幼虫世代重叠，成虫具假死性，能短距离飞行。幼虫行动慢，4龄进入暴食期，老熟后钻入土中2cm处结茧化蛹。成虫交尾3 - 4天后可产卵，散产在叶茎交界处或嫩叶上,未提及,(1)必要时喷洒20％灭扫利乳油2000倍液或50％抗蚜威超微可湿性粉剂2000倍液、40．7％乐斯本乳油1500倍液、50％辛硫磷乳油1500倍液、2．5％保得乳油2500倍液。,未提及
小麦吸浆虫（麦红吸浆虫、麦黄吸浆虫）,我国各麦区,小麦,以幼虫吸食麦粒浆液，导致麦粒出现瘪粒，严重时造成绝收,麦红吸浆虫：雌成虫体长2 - 2.5mm，翅展5mm左右，体桔红色。复眼大，黑色。前翅透明，有4条发达翅脉，后翅退化为平衡棍。触角细长，雌虫触角14节，念珠状，各节呈长圆形膨大，上面环生2圈刚毛。胸部发达，腹部略呈纺锤形，产卵管全部伸出。雄虫体长2mm左右，触角14节，其柄节、梗节中部不缢缩，鞭节12节，每节具2个球形膨大部分，环生刚毛。卵长0.09mm，长圆形，浅红色。幼虫体长约2 - 3mm，椭圆形，橙黄色，头小，无足，蛆形，前胸腹面有1个“Y”形剑骨片，前端分叉，凹陷深。蛹长2mm，裸蛹，橙褐色，头前方具白色短毛2根和长呼吸管1对。麦黄吸浆虫：雌体长2mm左右，体鲜黄色，产卵器伸出时与体等长。雄虫体长1.5mm，腹部末端的把握器基节内缘无齿。卵长0.29mm，香蕉形。幼虫体长2 - 2.5mm，黄绿色，体表光滑，前胸腹面有剑骨片，剑骨片前端呈弧形浅裂，腹末端生突起2个。蛹鲜黄色，头端有1对较长毛,麦红吸浆虫年生1代或多年完成一代，以末龄幼虫在土壤中结圆茧越夏或越冬。翌年当地下10cm处地温高于10℃时，小麦进入拔节阶段，越冬幼虫破茧上升到表土层，10cm地温达到15℃左右，小麦孕穗时，再结茧化蛹，蛹期8 - 10天；10cm地温20℃上下，小麦开始抽穗，麦红吸浆虫开始羽化出土，当天交配后把卵产在未扬花的麦穗上，各地成虫羽化期与小麦进入抽穗期一致。该虫畏光，中午多潜伏在麦株下部丛间，多在早、晚活动，卵多聚产在护颖与外颖、穗轴与小穗柄等处，每雌产卵60 - 70粒，成虫寿命约30多天，卵期5 - 7天，初孵幼虫从内外颖缝隙处钻入麦壳中，附在子房或刚灌浆的麦粒上为害15 - 20天，经2次蜕皮，幼虫短缩变硬，开始在麦壳里蛰伏，抵御干热天气，这时小麦已进入蜡熟期。遇有湿度大或雨露时，苏醒后再蜕一层皮爬出颖外，弹落在地上，从土缝中钻入10cm处结茧越夏或越冬。该虫有多年休眠习性，遇有春旱年份有的不能破茧化蛹，有的已破茧，又能重新结茧再次休眠，休眠期有的可长达12年。麦黄吸浆虫年生1代，成虫发生较麦红吸浆虫稍早，雌虫把卵产在初抽出的麦穗上内、外颖之间，幼虫孵化后为害花器，以后吸食灌浆的麦粒，老熟幼虫离开麦穗时间早，在土壤中耐湿、耐旱能力低于麦红吸浆虫。其他习性与麦红吸浆虫近似,吸浆虫发生与雨水、湿度关系密切，春季3 - 4月间雨水充足，利于越冬幼虫破茧上升土表、化蛹、羽化、产卵及孵化。此外，麦穗颖壳坚硬、扣和紧、种皮厚、籽粒灌浆迅速的品种受害轻。抽穗整齐，抽穗期与吸浆虫成虫发生盛期错开的品种，成虫产卵少或不产卵，可逃避其为害,(1)选用抗虫小麦品种，如徐州21号、徐州211、马场2号、洛阳851、洛阳852、樊寨4号、咸农151、武农99号、临50744等，各地可因地制宜使用。(2)调整作物布局改善农田环境，推广小麦 - 大豆、小麦或小麦、棉花一体化种植模式，优化组装综防技术。(3)狠抓各虫态防治。小麦播种前撒毒土防治土中幼虫，于播前进行土壤处理。每667m²用40％甲基异柳磷或50％辛硫磷乳油200ml，对水5kg，喷在20kg干土上，拌匀制成毒土撤施在地表，耙下或翻入土表层有效。二是在小麦孕穗期撤毒土防治幼虫和蛹，是防治该虫关键时期。当土温15℃时，小麦正处在孕穗阶段，这时吸浆虫移至土表层开始化蛹、羽化，这时是抵抗力弱的时期，南方麦区于3月下旬 - 4月上旬冬小麦拔节期；北方春麦区于5月进入拔节后，土内幼虫破茧上升土表时每667m²用40％甲基异柳磷或50％辛硫磷乳油150ml，按上法制成毒土，均匀撒在地表后，进行锄地，把毒土混入表土层中。也可在小麦抽穗前3 - 5天，于露水落干后撒毒土，毒土制法同上，可有效地灭蛹和刚羽化在表土活动的成虫。三是小麦抽穗开花期防治成虫。小麦抽穗时土温20℃，成虫羽化出土或飞到穗上产卵，这时结合防治麦蚜，喷撤甲敌粉或乙敌粉667m²用2 - 3kg，必要时喷洒40％乐果乳油或50％辛硫磷乳油或80％敌敌畏乳油2000倍液，或2.5％溴氰菊酯乳油或20％杀灭菊酯乳油4000倍液或36％克螨蝇乳油1000倍液。有条件或应急时也可用40％乐果乳油或50％辛硫磷乳油、80％敌敌畏乳油100ml，对水15kg进行超低容量喷雾。水源不方便的地区或坡地，667m²用80％敌敌畏乳油100ml，对水1 - 2kg，喷拌在20kg细土上制成毒土撒施在麦田中也有较好防效。该虫卵期较长，发生重的可连续防治2次,宽腹姬小蜂、光腹黑蜂、蚂蚁、蜘蛛等
小麦管蓟马（小麦皮蓟马、麦简管蓟马）,新疆、甘肃等省,小麦,成、若虫为害小麦花器，乳熟灌浆期吸食麦粒浆液，致麦粒灌浆不饱满或麦粒空秕。此外还为害小穗的护颖和外颖。受害颖片皱缩或枯萎，发黄或呈黑褐色，易遭病菌侵染，诱发霉烂或腐败,成虫体长1.5 - 2.2mm，体黑褐色，翅2对，边缘具长缨毛，前翅无色，仅近基部较暗。头略呈方形，3个单眼呈三角形排列在复眼间。触角8节，第3节长是宽的2倍，第3、4、5节基部较黄。腹部末端延长成管状，叫做尾管。卵长约0.45mm，长椭圆形，黄色。若虫无翅，初孵若虫浅黄色，后变橙红色，触角、尾管黑色。前蛹较2龄若虫短，浅红色，翅芽显露。伪蛹触角伸向头两侧，翅芽增长，色深,年生1代，以若虫在麦根或场面地下10cm处越冬。翌年日均温8℃时开始活动，约5月中旬进入化蛹盛期，5月中下旬羽化，6月上旬进入羽化盛期，羽化后进入麦田，在麦株上部叶片内侧叶耳、叶舌处吸食汁液，后从小麦旗叶叶鞘顶部或叶鞘缝隙处侵入尚未抽出的麦穗上，为害花器，有时一个旗叶内群集数十头至数百头成虫，待穗头抽出后，成虫又转移到未抽出或半抽出的麦穗里，成虫为害及产卵时间仅2 - 3天。成虫羽化后7 - 15天开始产卵，把卵产在麦穗顶端2 - 3个小穗基部或护颖尖端内侧，卵排列不整齐，卵期6.5 - 8.4天。7月上旬冬麦收获时，部分若虫掉到地上，就此爬至土缝中或集中在麦捆或麦堆下，大部分爬至麦茬丛中或叶稍里，有的随麦捆运到麦场越夏或越冬。新垦麦地、春小麦及晚熟品种受害重,未提及,(1)合理轮作倒茬。(2)适时早播，躲过为害盛期。(3)秋季或麦收后及时进行深耕，清除麦场四周杂草，破坏其越冬场所，可压低越冬虫口基数。(4)在小麦孕穗期，大批蓟马成虫飞到麦田产卵时，及时喷洒20％丁硫克百威乳油或10％吡虫啉可湿性粉剂、1.8％爱比菌素乳油、10％除尽乳油2000倍液，667m²喷对好的药液75kg。(5)在小麦扬花期，注意防治初孵若虫。可喷洒2.5％保得乳油2500倍液或10％大功臣可湿性粉剂，每667m²用有效成分2g，或44％多虫清乳油每667m² 30ml，对水60kg喷雾,未提及
玉米蚜（麦蚰、腻虫、蚁虫）,全国各地,小麦、玉米等,成、若蚜刺吸植物组织汁液，引致叶片变黄或发红，影响生长发育，严重时植株枯死。玉米蚜多群集在心叶，为害叶片时分泌蜜露，产生黑色霉状物。在紧凑型玉米上主要为害雄花和上层1 - 5叶，下部叶受害轻，刺吸玉米的汁液，致叶片变黄枯死，常使叶面生霉变黑，影响光合作用，降低粒重，并传播病毒病造成减产,无翅孤雌蚜体长卵形，长1.8 - 2.2mm，活虫深绿色，披薄白粉，附肢黑色，复眼红褐色。腹部第7节毛片黑色，第8节具背中横带，体表有网纹。触角、喙、足、腹管、尾片黑色。触角6节，长短于体长1／3。喙粗短，不达中足基节，端节为基宽1．7倍。腹管长圆筒形，端部收缩，腹管具覆瓦状纹。尾片圆锥状，具毛4 - 5根。有翅孤雌蚜长卵形，体长1.6 - 1.8mm，头、胸黑色发亮，腹部黄红色至深绿色。触角6节比身体短。腹部2 - 4节各具1对大型缘斑，第6、7节上有背中横带，8节中带贯通全节。其他特征与无翅型相似。卵椭圆形,在长江流域年生20多代，冬季以成、若蚜在大麦心叶或以孤雌成、若蚜在禾本科植物上越冬。翌年3、4月开始活动为害，4、5月麦子黄熟期产生大量有翅迁移蚜，迁往春玉米、高粱、水稻田繁殖为害。该蚜虫终生营孤雌生殖，虫口数量增加很快。华北5 - 8月为害严重。高温干旱年份发生多。在江苏，玉米蚜苗期开始为害、6月,未提及,(1)采用麦棵套种玉米栽培法比麦后播种的玉米提早10 - 15天，能避开蚜虫繁殖的盛期，可减轻为害。(2)在预测预报基础上，根据蚜量，查天敌单位占蚜量的百分比及气候条件及该蚜发生情况，确定用药种类和时期。(3)用玉米种子重量0．1％的10％吡虫啉可湿粉剂浸拌种，播后25天防治苗期蚜虫、蓟马、飞虱效果优异。(4)玉米进入拔节期，发现中心蚜株可喷撒0．5％乐果粉剂或40％乐果乳油1500倍液。当有蚜株率达30％ - 40％，出现“起油株”(指蜜露)时应进行全田普治，一是撤施乐果毒砂，每667m²用40％乐果乳油50g对水500L稀释后喷在20kg细砂土上，边喷边拌，然后把拌匀的毒砂均匀地撒在植株上。也可喷洒25％爱卡士或50％辛硫磷乳油1000倍液，每667m²用药量50g或喷撒1．5％1605粉剂，每667m² 2 - 3kg。(5)用呋喃丹灌心。在玉米大喇叭口末期，每667m²用3％映喃丹颗粒剂1．5kg，均匀的灌入玉米心内，若怕灌不均匀，可在呋喃丹中掺入2 - 3kg细砂混匀后进行。此外还可在喇叭口内撤施1605颗粒剂每667m² 5kg，颗粒剂制法用50％1605乳剂500g，拌入颗料50kg，可兼治蓟马、玉米螟、粘虫等。此外还可选用40．64％加保扶水悬剂800倍液或10％吡虫啉可湿性粉剂2000倍液、10％赛波凯乳油2500倍液、2．5％保得乳油2000 - 3000倍液、20％康福多浓可溶剂3000 - 4000倍液,未提及
秀夜蛾（Amphipoea fucosa(Freyer)）,东北、华北、西北、西藏高原、长江中下游及华东麦区,小麦,幼虫喜在水浇地、下湿滩地及粘壤土地块为害，3龄前钻茎为害，4龄后从麦秆的地下部咬烂入土，栖息在薄茧内继续为害附近麦株，致小麦呈现枯心或全株死亡，造成缺苗断垄,成虫体长13 - 16mm，翅展30 - 36mm，头部、胸部黄褐色，腹背灰黄色，腹面黄褐色，前翅锈黄至灰黑色，基线色浅，内线、外线各2条，中线1条，共5条褐线且明显。环纹、肾纹白色至锈黄色，上生褐色细纹，边缘暗褐色，亚端线色浅，外缘褐色，缘毛黄褐色。后翅灰褐色，缘毛、翅反面灰黄色。卵半圆形，初白色，3、4天后变为褐色。末龄幼虫体长30 - 35mm，灰白色，头黄色，四周具黑褐色边，从中间至后缘生黑褐色斑4个，从前胸后缘至腹部第9节的背中线两侧各具红褐色宽带1条。亚背线略细，气门线较粗，均为红褐色。腹部第8节前后各生黑褐色斑2块，第9腹节背面生黑褐色斑6块，中间2块大。蛹棕褐色，2根尾刺，末端呈弯钩状,北方春麦区年生1代，以卵越冬，翌年5月上、中旬孵化,未提及,(1)合理轮作，深翻土地除茬灭卵，集中烧毁可减少虫源。翻地深度超过15cm，翌年初孵幼虫大部分不能出土。(2)在小麦三叶期浇水，这时正值初孵幼虫为害盛期，浇水后可减轻为害。(3)在成虫盛发期，大面积设置黑光灯诱杀成虫在产卵之前。(4)发生严重地区或田块，随播种施4％辛硫磷颗粒剂或0.5％硫环磷颗粒剂，每667m² 2 - 3kg，对初孵幼虫防效80％以上。(5)幼虫期可用80％晶体敌百虫1000倍液或36％克蜗蝇乳油1000 - 1500倍液灌根,未提及
绿翅脊萤叶甲（绿翅短鞘萤叶甲）,青海、四川、西藏,小麦、大麦,以幼虫蛀入正处在分蘖阶段的麦苗根部茎节内，取食嫩茎的内壁组织，致受害苗变为灰绿色，苗心枯死，基部叶片增厚，常成团或成片受害，边际受害重，造成小麦、大麦缺苗,成虫体长3.5 - 6mm，宽1.9 - 2.5mm，初羽化成虫有变色现象，羽化后6 - 8小时鞘翅为金绿色，24小时多变为黑色，前胸背板黄褐色。触角粗壮，第3节长于第2节，第4节长于第3节，1 - 7节黄褐色，8 - 11节黑色。头部具较深的中沟，上唇略大，前缘中部凹陷很深，触角间平，额瘤光滑；头顶平，生有粗刻点及短卧毛；前胸背板四周有边框；盘区有凹洼3个；小盾片基部较宽，端部窄；鞘翅皮革状，横纹和短毛密布，刻点较粗，肩甲突出。足粗短。雄虫腹部末端中部有宽凹切，雌虫腹端中部平切。末龄幼虫体长9.8 - 11.8mm。初孵幼虫暗灰色至黄色。头、前胸背板、臀板黑褐色，质地较硬。中部各节背面具大小不等形状各异的黑褐色斑点。尾节具瘤状凸起2个。裸蛹长0.3 - 0.5mm，初乳白色，后变鲜黄色至金黄色,四川白玉县年生1代，以卵在土内越冬，卵期平均为279天，成虫于每年的7月下旬至8月下旬产卵，于翌年4月下旬至6月上旬孵化，幼虫于6月下旬至9月下旬化蛹，蛹期9 - 18天。成虫于产卵后3 - 15天死亡。成虫期17 - 68天。成虫有群集取食的习性，喜在田边40m范围内的艾篙、冷篙、臭篙、大蓟上取食，有群集性转移为害习性，有假死性。雌虫生长迅速，雌、雄交尾一次完成需时5 - 7分钟。该虫后翅退化，不能飞行，主要靠爬行，活动范围不大，产卵量14 - 140粒,未提及,(1)在成虫取食阶段尚未产卵时，喷洒2.5％敌杀死乳油2000倍液或5％灭扫利乳油2000倍液、5％来福灵乳油3000倍液、20％菊马乳油1500倍液、21％灭杀毙乳油3000倍液。(2)在上年受害严重麦田的边际受害重的地方，喷撤3％映喃丹颗粒剂或3％甲基异柳磷颗粒剂或4.5％甲敌粉剂，每667m²用药3kg，拌细土20 - 30kg，于播种前撒在土面上，随即耕翻或耙耱。(3)及时清除田间杂草，并铲除地块边际直径50m内的篙类、大蓟等杂草，切断成虫食源也是一种有效的农业防治法,未提及
西北麦蝽（Aelia sibirica Reuter）,北起黑龙江、内蒙古、新疆，南至山西、陕西、甘肃、青海,小麦,成、若虫刺吸寄主叶片汁液，受害麦苗出现枯心或叶面上出现白斑，后扭曲成辫子状，出现白穗和秕粒,成虫体长9 - 11mm，黄褐色，具黑白纵条纹，头向下倾，前端尖且分裂。小盾片特发达似舌状，长度超过腹背中央。卵馒头形，红褐色。若虫体大部乃至全体黑色，复眼红色，腹节之间为黄色,宁夏年生2 - 3代，以成虫在芨芨草基部越冬。翌年4月下旬开始活动，5月初迁进麦田为害麦苗，5月上旬在麦苗下部叶尖或地表的枯枝残叶上产卵，11 - 12粒排成单列，5月中旬孵化成若虫继续为害，小麦成熟时成虫又飞回越冬杂草上，进入10月间开始潜伏越冬,未提及,(1)在越冬虫恢复活动以前，清除麦田附近的芨芨草深埋或烧毁，以减少虫源。(2)必要时，用2.5％敌百虫粉1kg，拌细砂20kg，撒入草丛。(3)在成虫为害高峰期，向麦苗或芨芨草上喷撒2.5％敌百虫粉，每667m²用1.5 - 2kg。10天后再喷1次，消灭初孵若虫。(4)必要时可喷洒2.5％保得乳油2500倍液,未提及
麦二叉蚜（Schizaphis graminum (Rondani)）,全国各地,小麦,常在麦类叶片正、反两面或基部叶鞘内外吸食汁液，致麦苗黄枯或伏地不能拔节，严重的麦株不能正常抽穗，直接影响产量，此外还可传带小麦黄矮病,无翅孤雌蚜体长2.0mm，卵圆形，淡绿色，背中线深绿色，腹管浅绿色，顶端黑色。中胸腹岔具短柄。额瘤较中额瘤高。触角6节，全长超过体之半，喙超过中足基节，端节粗短，长为基宽的1.6倍。腹管长圆筒形，尾片长圆锥形，长为基宽的1.5倍，有长毛5 - 6根。有翅孤雌蚜体长1.8mm，长卵形。活时绿色，背中线深绿色。头、胸黑色，腹部色浅。触角黑色共6节，全长超过体之半。触角第3节具4 - 10个小圆形次生感觉圈，排成一列。前翅中脉二叉状,麦二叉蚜生活习性与长管蚜相似，年生20 - 30代，具体代数因地而异。冬春麦混种区和早播冬麦田种群消长动态：秋苗出土后开始迁入麦田繁殖，3叶期至分蘖期出现一个小高峰，进入11月上旬以卵在冬麦田残茬上越冬。翌年3月上中旬越冬卵孵化，在冬麦上繁殖几代后，有的以无翅胎生雌蚜继续繁殖，有的产生有翅胎生蚜在冬麦田繁殖扩展，4月中旬有些迁入到春麦上，5月上中旬大量繁殖，出现为害高峰期，并可引起黄矮病流行。麦二叉蚜在10 - 30℃发育速度与温度正相关，7℃以下存活率低，22℃胎生繁殖快，30℃生长发育最快，42℃迅速死亡。该蚜虫在适宜条件下，繁殖力强，发育历期短，在小麦拔节、孕穗期，虫口密度迅速上升，常在15 - 20天，百株蚜量可达万头以上,未提及,同麦长管蚜（预测预报。当孕穗期有蚜株率达50％，百株平均蚜量200 - 250头或灌浆初期有蚜株率70％，百株平均蚜量500头时即应进行防治。农业防治法：选用抗虫品种；合理布局；适时集中播种；合理施肥浇水。生物防治：减少或改进施药方法，避免杀伤麦田天敌。充分利用瓢虫、食蚜蝇、草蛉、蚜茧蜂等天敌，测定天敌控蚜指标，把该指标与化防指标、当量系统结合起来，为充分发挥天敌作用提供保证。必要时可人工繁殖释放或助迁天敌；使其有效地控制蚜虫。当天敌不能控制麦蚜时再选用0.2％苦参碱(克蚜素)水剂400倍液或杀蚜霉素(孢子含量200万个／ml)250倍液、50％辟蚜雾或40％氧乐果2000倍液，杀蚜效果90％左右，且能保护天敌。上述措施不能奏效的地区或田块可采用以下综防措施：在小麦黄矮病流行区主要是苗期治蚜；在非黄矮病流行期，重点防治穗期麦蚜等）,瓢虫、食蚜蝇、草蛉、蜘蛛、蚜茧峰、蚜霉菌等
麦凹胫跳甲（Chaetocnema hortensis Geoff）,北起黑龙江、内蒙古，南限稍过长江，最南浙江金华、江西临川，东邻国境线，西向陕西、甘肃、青海一带,麦、稻,未提及（文档中仅表明与粟凹胫跳甲近似，未详细描述其为害特征）,未提及（文档中表明参考粟凹胫跳甲，但未详细描述其形态特征）,未提及（文档中表明参考粟凹胫跳甲，但未详细描述其生活习性）,未提及,未提及（文档中表明参考粟凹胫跳甲，但未详细描述其防治措施）,未提及
麦圆蜘蛛（麦叶爪螨）、麦长腿蜘蛛（麦岩螨）,麦圆蜘蛛：我国北纬29 - 37度地区；麦长腿蜘蛛：北纬34 - 43度地区，主害区在长城以南、黄河以北干旱、高燥麦区。有些地区两者混合发生、混合为害,小麦,以成、若虫吸食麦叶汁液，受害叶上出现细小白点，后麦叶变黄，麦株生育不良，植株矮小，严重的全株干枯,麦圆蜘蛛：成虫体长0.6 - 0.98mm，宽0.43 - 0.65mm，卵圆形，黑褐色。4对足，第1对长，第4对居二，2、3对等长。具背肛。足、肛门周围红色。卵长0.2mm左右，椭圆形，初暗褐色，后变浅红色。若螨共4龄。一龄称幼螨，3对足，初浅红色，后变草绿色至黑褐色。2、3、4龄若螨4对足，体似成螨。麦长腿蜘蛛：成虫体长0.62 - 0.85mm，体纺锤形，两端较尖，紫红色至褐绿色。4对足，其中1、4对特别长。卵有2型：越夏卵圆柱形，长0.18mm，卵壳表面有白色蜡质，顶部覆有白色蜡质物，似草帽状，卵顶具放射形条纹；非越夏卵球形，粉红色，长0.15mm，表面生数十条隆起条纹。若虫共3龄。一龄称幼螨，3对足，初为鲜红色，吸食后为黑褐色，2、3龄有4对足，体形似成螨,麦圆蜘蛛年生2 - 3代，即春季繁殖1代，秋季1 - 2代，完成1个世代46 - 80天，以成虫或卵及若虫越冬。冬季几乎不休眠，耐寒力强，翌春2、3月越冬螨陆续孵化为害。3月中下旬 - 4月上旬虫口数量大，4月下旬大部分死亡，成虫把卵产在麦茬或土块上，10月越夏卵孵化，为害秋播麦苗。多行孤雌生殖，每雌产卵20多粒；春季多把卵产在小麦分蘖丛或土块上，秋季多产在须根或土块上，多聚集成堆，每堆数十粒，卵期20 - 90天，越夏卵期4 - 5个月。生长发育适温8 - 15℃，相对湿度高于70％，水浇地易发生。江苏早春降雨是影响该蜘蛛年度间发生程度的关键因素。麦长腿蜘蛛年生3 - 4代，以成虫和卵越冬，翌春2 - 3月成虫开始繁殖，越冬卵开始孵化，4 - 5月田间虫量多，5月中下旬后成虫产卵越夏，10月上中旬越夏卵孵化，为害麦苗。完成一个世代需24 - 46天。多行孤雌生殖。把卵产在麦田中硬土块或小石块及秸秆或粪块上，成、若虫亦群集，有假死性，主要发生在旱地麦田里,未提及,(1)因地制宜进行轮作倒茬，麦收后及时浅耕灭茬；冬春进行灌溉，可破坏其适生环境，减轻为害。(2)播种前用75％3911乳剂0.5kg，对水15 - 25kg，拌麦种150 - 250kg，拌后堆闷12小时后播种。(3)必要时用2％混灭威粉剂或1.5％乐果粉剂，每667m²用1.5 - 2.5kg喷粉，也可掺入30 - 40kg细土撤毒土。(4)虫口数量大时喷洒40％氧化乐果乳油或40％乐果乳油1500倍液，每667m²喷对好的药液75kg。(5)也可选用波美0.3 - 0.5度石硫合剂或50％硫悬浮剂667m²用200 - 400g对水50 - 75kg喷雾，可有效地防治麦蜘蛛，同时还可兼治白粉病和锈病。(6)上述措施不能奏效时，可喷洒15％哒螨灵乳油2000 - 3000倍液或20％绿保素(螨虫素十辛硫磷)乳油3000 - 4000倍液、36％克瞒蝇乳油1000 - 1500倍液，持效期10 - 15天,未提及
麦根蝽象（根土蝽、根蝽象、地熔、地臭虫等）,华北、东北、西北及台湾,小麦、高粱、玉米,成、若虫以口针刺吸寄主根部的营养。为害小麦时，4月中下旬开始显症，5月上中旬叶黄、秆枯、炸芒，提早半个月枯死，致穗小粒少，干粒重明显下降。为害高粱、玉米时，苗期出现苗青、株矮及青枯不结穗，减产20％ - 30％或点片绝收,成虫体长约5mm，近椭圆形，桔红至深红色，有光泽。触角5节，复眼浅红色，1对单眼黄褐色，头顶前缘具1排短刺横列。前胸宽阔，小盾片为三角形，前翅基半部革质，端半部膜质，后翅膜质。前足腿节短，胫节略长，跗节黑褐色变为“爪钩”；中足腿节较粗壮，肠节似短棒状，外侧前缘具1排扫帚状毛刺；后足腿节粗壮。卵长1．2mm左右，椭圆形，淡青色至乳白色或暗白色。末龄若虫体长与成虫相近，头部、胸部、翅芽黄色至橙黄色，腹背具3条黄线，腹部白色,山东2年发生1代，个别3年1代，以成虫或若虫在土中30 - 60cm深处越冬。翌年越冬代成虫4月逐渐上升到耕作层为害和交尾，5月中、下旬产卵，卵期26．6天，6月上旬至7月上中旬出现大量若虫，若虫共5龄，每个龄期30 - 45天，为害小麦、高粱、玉米等作物根部，若虫越冬后至下年6 - 7月间，老熟若虫羽化，若虫期和成虫期约需1年左右，条件不利时若虫期可长达2年。世代不够整齐，有世代重叠现象。陕西也是2年1代，翌年越冬成虫于6 - 7月交配产卵，卵期30天。若虫于8月中旬 - 9月上旬孵化，10月下旬越冬，次年4月中旬开始活动，4月下旬 - 7月中旬进入若虫为害期，7月下旬 - 8月中旬成虫羽化后越冬。于第三年成虫经补充营养，交配产卵，产卵前期l5天。辽宁绵州2年或2．5年完成1代，越冬成虫于7月产卵，发育快的次年8月羽化为成虫，当年以成虫越冬。发育慢的群体则需进行2次越冬，第3年6 - 7月羽化为成虫。2．5年完成1代。该虫有假死性，能分泌臭液，在土中交配，把卵散产在20 - 30cm潮湿土层里，产卵量数粒至百余粒。成虫于6 - 8月土温高于25℃或天气闷热的雨后或灌溉后，部分成虫出土晒太阳，身体稍干即可爬行或低飞。干旱年份发生为害重,未提及,(1)实行小麦与非禾本科作物轮作。(2)在播前施用3％甲基异柳磷颗粒剂，每667m²用量3kg，撒在播种沟内进行土壤处理。(3)在雨后或灌水后于中午喷撤2．5％甲基异柳磷或其他有机磷农药粉剂，也有效,未提及
麦水蝇（稻小潜叶蝇、大麦水蝇等、鞘潜蝇）,华北、华东、东北、甘肃、西南麦区,小麦,主要为害叶鞘，绝大多数为害旗叶以下1 - 2片叶的叶鞘，少数为害叶片。幼虫钻潜在叶鞘或叶片的内、外表皮之间组织里，形成直或不规则潜道，潜道内常无明显粪便，后期仅剩表皮，导致叶片提早干枯或不能抽穗或出现空秕粒,成虫体长2 - 4mm，翅展5mm，体色灰暗，触角黑色，有1对翅，翅前缘具缺刻2个，后翅变为平衡棍，鲜红色。卵长0.7mm，椭圆形，乳白色，卵粒表面具纵纹。末龄幼虫体长4 - 4.5mm，扁圆筒形，浅黄白色，口钩浓黑色。蛹长4mm，初黄褐色，尾端具小黑突起2个,甘肃年生2代，西南麦区年生3 - 4代，以蛹在叶鞘里越冬。西南麦区翌年2 - 4月成虫羽化后，先在开花的油菜田吸食花蜜补足营养，交配后把卵产在孕穗至抽穗期小麦的剑叶或植株上部叶片的正面基部，每片叶着卵几粒至10多粒，多的达40 - 50粒，卵期4 - 10天，幼虫期13 - 19天，3 - 4月是幼虫为害期，老熟幼虫于4月上旬化蛹在叶鞘里，有时集聚20多头。北方麦区，越冬代成虫于5月中旬开始活动，交配产卵，6月上旬幼虫始发，6月中下旬进入盛发期，7月化蛹，7月中旬一代成虫羽化。第二代把卵产在杂草或自生麦苗上，幼虫为害到深秋开始化蛹越冬,麦水蝇发生与品种的性状关系密切，生产上叶嫩色深，叶宽肉厚，叶脉粗大且凹陷深的品种，着卵多，受害重,(1)选用茎秆坚硬、叶片适中的抗虫品种。(2)进行预测预报，当小麦着卵株率达10％左右，平均着卵多于10粒，进入盛孵始期时，马上喷洒90％晶体敌百虫1500倍液或50％杀螟松乳油1500 - 2000倍液、36％克螨蝇乳油1000 - 1500倍液、40％乐果乳油2000倍液，每667m²喷对好的药液75L,未提及
麦田斑须蝽（细毛蝽、臭大姐）,全国各地,小麦,成虫和若虫刺吸嫩叶、嫩茎及穗部汁液。茎叶被害后，出现黄褐色斑点，严重时叶片卷曲，嫩茎凋萎，影响生长，减产减收,成虫体长8 - 13.5mm，宽约6mm，椭圆形，黄褐或紫色，密被白绒毛和黑色小刻点；触角黑白相间；喙细长，紧贴于头部腹面。小盾片末端钝而光滑，黄白色,内蒙古一年2代，以成虫在田间杂草、枯枝落叶、植物根际、树皮及屋檐下越冬。4月初开始活动，4月中旬交尾产卵，4月底5月初幼虫孵化，第一代成虫6月初羽化，6月中旬为产卵盛期；第二代于6月中下旬 - 7月上旬幼虫孵化，8月中旬开始羽化为成虫，10月上中旬陆续越冬。卵多产在作物上部叶片正面或花蕾、果实的苞片上，多行整齐纵列。初孵若虫群聚为害，2龄后扩散为害,未提及,参见二星蝽（成虫集中越冬或出蜇后集中为害时，利用成虫的假死性，震动植株，使虫落地，迅速收集杀死。发生严重的喷洒20％灭多威乳油1500倍液）,未提及
麦田棉铃虫,未提及（参考玉米田棉铃虫）,小麦,幼虫为害小麦，食叶成缺刻或孔洞，蛀台或咬断麦穗,未提及（参考玉米田棉铃虫）,未提及（参考玉米田棉铃虫）,未提及,(1)防治指标：我国该虫为害小麦重的产麦区年生4代，个别年份可能出现发生不整齐的5代。一代主要为害小麦，卵盛期在5月上中旬，麦田防治指标为每m²有二龄幼虫8头或百株累计卵量16粒左右；二代卵盛期在6月中下旬，防治指标为百株累计卵量100粒或防治后百株残虫10头以上；三代卵盛期在7月中下旬，防治指标为百株累计卵量40粒或防治后百株残虫5头以上；四代卵盛期在8月下旬 - 9月上旬，防治指标为百株幼虫10头以上或防治后百株残虫相应数量（文档未完整给出）,未提及
麦秆蝇（Meromyza saltatrix Linnaeus）,北起黑龙江、内蒙古、新疆，南至贵州、云南，西达新疆、西藏，青海的海南、四川的甘孜、阿坝地区也有发生，新疆、内蒙古、宁夏以及河北、山西、陕西、甘肃部分地区为害较重,小麦等寄主植物,以幼虫钻入小麦等寄主茎内蛀食为害，初孵幼虫从叶鞘或茎节间钻入麦茎，或在幼嫩心叶及穗节基部1／5 - 1／4处呈螺旋状向下蛀食，形成枯心、白穗、烂穗，不能结实,雄成虫体长3 - 3.5mm，雌虫3.7 - 4.5mm，体为浅黄绿色，复眼黑色，胸部背面具3条黑色或深褐色纵纹，中间一条纵纹前宽后窄，直连后缘棱状部的末端，两侧的纵纹仅为中纵纹的一半或一多半，末端具分叉。触角黄色，小腮须黑色，基部黄色。足黄绿色。后足腿节膨大。卵长1mm，纺锤形，白色，表面具纵纹10条。末龄幼虫体长6 - 6.5mm，黄绿色或淡黄绿色，呈蛆形。蛹属围蛹，雄体长4.3 - 4.7mm，雌5 - 5.3mm，蛹壳透明，可见复眼、胸、腹部等,内蒙古等春麦区年生2代，冬麦区年生3 - 4代，以幼虫在寄主根茎部或土缝中或杂草上越冬。春麦区翌年5月上、中旬始见越冬代成虫，5月底、6月初进入发生盛期，6月中、下旬为产卵高峰期，卵经4 - 7天孵化，6月下旬是幼虫为害盛期，为害20天左右。7月上中旬化蛹，蛹期5 - 10天。第一代幼虫于7月中下旬麦收前大部分羽化并离开麦田，把卵产在多年生禾本科杂草上。麦秆蝇在内蒙古仅一代幼虫为害小麦，成虫羽化后把卵产在叶面基部。冬麦区1、2代幼虫于4、5月为害小麦，3代转移到自生麦苗上，第4代转移到秋苗上为害。河南一年也有两个为害高峰期。幼虫老熟后在为害处或野生寄主上越冬。成虫有趋光性、趋化性，成虫羽化后当天交尾，白天活跃在麦株间，卵多产在4、5叶的麦茎上，卵散产，每雌可产卵20多粒，多的可达70 - 80粒,该虫产卵和幼虫孵化需较高湿度，小麦茎秆柔软、叶片较宽或毛少的品种，产卵率高，为害重,(1)因地制宜选用适合当地的耐虫或早熟品种。(2)加强栽培管理，做到适期早播、合理密植。加强水肥管理，促进小麦生长整齐。加快小麦前期生长发育是控制该虫的根本措施。(3)加强麦秆蝇预测预报，冬麦区在3月中下旬，春麦区在5月中旬开始查虫，每隔2 - 3天于10时前后在麦苗顶端扫网200次，当200网有虫2 - 3头时，约在15天后即为越冬代成虫羽化盛期，是第一次药剂防治适期。冬麦区平均百网有虫25头，即需防治。(4)当麦秆蝇成虫已达防治指标，应马上喷撒2.5％敌百虫粉或1.5％乐果粉或1％1605粉剂，每667m² 1.5kg。(5)如麦秆蝇已大量产卵，及时喷洒36％克螨蝇乳油1000 - 1500倍液或50％1605乳油4000倍液或80％敌敌畏乳油与40％乐果乳油1：1混合后对水1000倍液或10％大功臣可湿性粉剂3000倍液、25％速灭威可湿性粉剂600倍液，每667m²喷对好的药液50 - 75L，把卵控制在孵化之前,未提及
麦种蝇（麦地种蝇、瘦腹种蝇）,内蒙古、黑龙江、山西、陕西、青海、甘肃、宁夏、新疆,小麦,幼虫为害麦茎基部，造成心叶青枯，后黄枯死亡，致田间出现缺苗断垄或造成毁种,雄成虫体长5 - 6mm，暗灰色。头银灰色，额窄，额条黑色。复眼暗褐色，在单眼三角区的前方，间距窄，几乎相接。触角黑色。胸部灰色。腹部上下扁平，狭长细瘦，较胸部色深。翅浅黄色，具细黄褐色脉纹，平衡棒黄色。足黑色。雌虫体长5 - 6.5mm，灰黄色。额宽与眼宽相等或较宽，复眼间距较宽，约为头的三分之一，胸、腹部灰色，腹部较雄虫粗大。卵长椭圆形，长1 - 1.2mm，腹面略凹，背面凸起，一端尖削，另一端较平，初乳白色，后变浅黄白色，具细小纵纹。幼虫体长6 - 6.5mm，蛆状，乳白色，老熟时略带黄色，头极小，口钩黑色，尾部如截断状，具7对肉质突起，第一对在第二对稍上方，第六对分叉。围蛹纺锤形，长5 - 6mm，宽约1.5 - 2mm。初为淡黄色，后变黄褐色，两端稍带黑色，羽化前黑褐色，稍扁平，后端圆形有突起,甘肃庆阳年生1代，以卵在土内越冬。其越冬期长达180 - 200天，翌年3月越冬卵孵化为幼虫，初孵幼虫栖息在植株茎秆、叶及地面上，先在小麦茎基部钻一小孔，钻入茎内，头部向上，蛀食心叶组织成锯末状。幼虫耐饥力强，每头幼虫只为害一株小麦，无转株为害习性。幼虫活动为害盛期在3月下旬至4月上旬。幼虫期30 - 40天。4月中旬幼虫爬出茎外，钻入6 - 9cm土中化蛹，4月下旬至5月上旬为化蛹盛期，蛹期21 - 30天。6月初蛹开始羽化，6月中旬为成虫羽化盛期，下旬全都羽化，这时小麦已近成熟，成虫即迁入秋作物杂草上活动。7 - 8月为成虫活动盛期。生长稠密、枝叶繁茂、地面覆盖隐蔽及湿度大的环境中，该蝇迁入多。成虫早晨、傍晚、阴天活动，中午温度高时，多栖息荫蔽处不大活动。秋季气温低时，则中午活动，早晚不甚活动。成虫交配后，雄虫不久死亡。雌虫9月中旬开始产卵，卵分次散产于土壤缝隙及疏松表土下2 - 3cm处。每雌产卵9 - 48粒，产卵后即死亡，10月雌虫全部死亡,未提及,(1)用50％辛硫磷乳油1.5kg，对水2.5kg，混匀后喷拌在20kg干土上，制成毒土，撒施。(2)成虫发生期也可喷洒36％克螨蝇乳油1000 - 1500倍液或50％敌敌畏乳油1000倍液，每667m²喷对好的药液75L,未提及
麦穗夜蛾（未提及别名）,未提及（文档中未明确说明）,未提及（文档中未明确说明）,未提及（文档中未明确说明）,未提及（文档中未明确说明）,未提及（文档中未明确说明）,未提及,未提及,未提及
麦双尾蚜（俄罗斯麦蚜）,新疆，辽河、黄河、淮河、海河流域都是该虫适生区，国外主要分布在乌克兰、中亚、北非、东欧、尼泊尔、南非、墨西哥、美国、加拿大,麦类,为害麦类时，致旗叶纵卷，不能正常抽穗，减产30％ - 60％,无翅孤雌蚜体长1.59mm，宽0.6mm，体浅绿色。中胸腹岔无柄至两臂断开。触角长0.74mm，1 - 6节长度比例为35、30、100、62、58、46 + 91。喙达中足基节，末节长为后跗节2的0.74倍。跗节1毛序为3，3，3。腹管长不及基宽。第八腹节背片中央具上尾片，长为尾片的0.55倍。尾片毛5根或6根，上尾片具短毛4 - 5根，尾板毛9根，生殖板毛20根。有翅孤雌蚜体长2.46mm，宽0.82mm。触角长0.74mm，1 - 6节长度比例为23，12，100，51，53，43 + 92；3节上有圆形次生感觉器4 - 6个，4节有1或2个,年生11代，在寒冷麦区营全周期生活。秋末冬初产生雌性蚜和雄蚜，交配后把卵产在麦类或禾本科杂草上，翌春卵孵化，在上述寄主上孤雌生殖3个世代，一、二代为无翅型，三、四代部分为有翅型，向外迁飞或为害到麦收。在温暖地区营不全周期孤雌生殖,未提及,(1)选用二粒小麦、Mg4537、Mg7458、Mg8786、Mg8256等感虫率低的品种，可减轻受害。(2)种植毛大头、红佛尔、墨稻穗、7432 - 15 - 0 - 21、勾毛白等感虫率高的小麦品种，它们可吸引大量虫源，然后集中消灭,无花果蚜小蜂、异足蚜小蜂、广鞘蚜茧蜂、食蚜瘿蚊、四斑毛瓢虫等
麦茎叶甲（甘薯肖叶甲指名亚种、麦颈叶甲、甘薯金花虫、甘薯华叶虫、番薯鸠、红苕柱虫、剥皮虫、牛屎虫等）,麦颈叶甲主要分布在北方各省和四川一带；甘薯叶甲丽鞘亚种主要分布在我国南方各省,未提及（参考薯类害虫 - 甘薯肖叶甲，但文档未明确其对小麦的为害）,未提及（参考薯类害虫 - 甘薯肖叶甲，但文档未明确其对小麦的为害特征）,未提及（参考薯类害虫 - 甘薯肖叶甲，但文档未明确其形态特征）,未提及（参考薯类害虫 - 甘薯肖叶甲，但文档未明确其生活习性）,未提及,未提及（参考薯类害虫 - 甘薯肖叶甲，但文档未明确其防治措施）,未提及
麦茎异跗萤叶甲（麦茎叶甲、小麦金花虫）,北起黑龙江、内蒙古，南限未过淮河，西达甘肃、青海，山西、甘肃、河北日趋严重,小麦,幼虫从土下1.5cm处钻入麦茎内为害，造成枯心死苗和白穗、无效穗，致大片麦田缺苗断垄，是小麦的毁灭性害虫,雌成虫体长7 - 9mm，鞘翅古铜色，抱卵后腹部伸长增大超过鞘翅盖外；雄成虫体长6 - 7mm，头前端黄褐色，后部黑褐色，触角11节，鞭状，前胸背板黄褐色，上有3个黑色斑纹，中间的较大，鞘翅翠绿色有荧光，密生黄色细毛。卵长0.8 - 1.5mm，椭圆形，初浅黄色，越冬时青灰色。末龄幼虫体长9 - 12mm，黄褐色，前胸盾板和臀板黑褐色，身体背面各节有大小不一的暗黑色斑点排列整齐。裸蛹长6 - 9mm，米黄色，圆柱形，端部具臀刺2根,华北年生一代，以卵在地表1 - 2cm处越冬，翌年3月下旬，小麦拔节，卵开始孵化，4月上旬小麦拔节盛期进入卵孵化盛期。小麦拔节至孕穗期是麦茎叶甲幼虫为害盛期，小麦孕穗初期幼虫开始化蛹，小麦扬花、灌浆进入蛹羽化盛期。幼虫有转株为害习性，每头幼虫能为害7 - 16.9株。成虫常在早晨和傍晚群集在小蓟上，将叶片食成大量孔洞，甚至仅剩主脉的一小部份。卵散产在土缝和疏松的土中,该虫发生与地形、耕作、气象条件关系密切，一般浅山丘陵区、连作麦田、耕作粗放田块易发生，卵孵化盛期雨水偏多的年份发生重,(1)5月中下旬除去麦田中小蓟，可减少成虫产卵机会。(2)成虫发生盛期，喷洒90％晶体敌百虫1000倍液或50％敌敌畏乳油1000倍液、50％1605乳油1500倍液、10％溴氟菊酯乳油1500倍液、2.5％保得乳油2000倍液、2.5％溴氰菊酯乳油2000倍液、50％马拉硫磷乳油1000倍液。(3)治卵。秋深耕25 - 30cm，可灭卵。(4)治幼虫。用1.5％甲基1605粉或2.5％敌百虫粉或2％杀螟松粉，每667m²2kg左右，结合中耕浇水，带药入土，可防止幼虫转株为害。也可用40％乐果乳油2000倍液或50％1605乳油或90％晶体敌百虫1000 - 2000倍液灌根,未提及
麦茎蜂（Cephus pygmaeus linnaeus 、烟翅麦茎蜂（C.fumipennis Eversmann））,全国各地，烟翅麦茎蜂分布在河南、青海、甘肃等省,小麦,幼虫钻蛀茎秆，严重的整个茎秆被食空，老熟幼虫钻入根茎部，从根茎部将茎秆咬断或仅留少量表皮连接，断面整齐，受害小麦很易折倒,成虫体长8 - 12mm，腹部细长，全体黑色，触角丝状，翅膜质透明，前翅基部黑褐色，翅痣明显，雌蜂腹部第4、6、9节镶有黄色横带，腹部较肥大，尾端有锯齿状的产卵器。雄蜂3 - 9节亦生黄带。第1、3、5、6腹节腹侧各具1较大浅绿色斑点，后胸背面具1个浅绿色三角形点，腹部细小粗细一致。卵长约1mm，长椭圆形，白色透明。末龄幼虫体长8 - 12mm，体乳白色，头部浅褐色，胸足退化成小突起，身体多皱褶，臀节延长成几丁质的短管。蛹长10 - 12mm，黄白色，近羽化时变成黑色，蛹外被薄茧,年生1代，以老熟幼虫在茎基部或根茬中结薄茧越冬。翌年4月化蛹，5月中旬羽化，5月下旬进入羽化高峰，羽化期持续20多天,未提及,(1)麦收后进行深翻，收集麦茬沤肥或烧毁，有抑制成虫出土的作用。(2)尽可能实行大面积的轮作。(3)选育秆壁厚或坚硬的抗虫高产品种。(4)发生为害重的地区于5月下旬洋槐开花期成虫发生高峰期喷洒90％晶体敌百虫900倍液或80％敌敌畏乳油1000 - 1200倍液，也可喷撒1.5％乐果粉或2.5％敌百虫粉，每667m²1.5 - 2.5kg,未提及
麦茎谷蛾（麦螟、钻心虫、蛀茎虫等）,山东、河北、江苏、甘肃等冬麦区,小麦、大麦,低龄幼虫在心叶内为害，小麦、大麦拔节后幼虫为害心叶，造成卷心、矮缩、枯心或形成残株，每只幼虫为害2 - 3株。幼虫蛀食第一节茎基造成白穗，是我国小麦、大麦的重要害虫,成虫体长5.9 - 7.9mm，翅展13.5mm，全体密布粗鳞片，头顶密布灰黄色长毛，触角丝状，前翅长方形，灰褐色，外缘生有灰褐色细毛，后翅较前翅略宽，沿前缘具白色剑状斑，外缘及后缘生有灰白色缘毛。卵长1mm，长椭圆形。末龄幼虫体长10.5 - 15.2mm，细长筒形，低龄时白色，后呈黄白色，前胸和腹部1 - 8节的气孔四周具黑色斑，中胸、后胸亦各生黑斑1个，第10腹节背面横列4个小黑点。蛹长7 - 10mm，纺锤形，初黄白色，后变黄褐色,山东、河北年生1代，以低龄幼虫在小麦心叶里越冬，翌年小麦返青后开始为害，5月中下旬幼虫老熟后化蛹在小麦旗叶叶鞘内，少数在第2叶鞘内化蛹。蛹期20天左右。一般在5月下旬 - 6月上旬，小麦进入成熟期成虫开始羽化，成虫羽化喜在晴天上午进行，羽化历期约10天。成虫爱飞，11 - 12时最活跃，气温低于20℃停止活动，成虫羽化后活动一段时间后，在屋檐、墙缝、树皮缝内潜伏越夏，秋季产卵,未提及,(1)成虫羽化期，屋檐下隔2 - 3m挂麻袋等有皱褶的物件，诱其钻入后，翌晨集中处理。(2)4月上中旬，幼虫爬出活动或转株为害时喷洒2.5％敌百虫粉或1％1605粉剂，每667m²1.5 - 2kg。必要时喷洒90％晶体敌百虫1000倍液或80％敌敌畏乳油1500倍液、50％辛硫磷乳油1500 - 2000倍液,未提及
麦蜘蛛（麦圆蜘蛛、麦长腿蜘蛛）,麦圆蜘蛛：我国北纬29 - 37度地区；麦长腿蜘蛛：北纬34 - 43度地区，主害区在长城以南、黄河以北干旱、高燥麦区。有些地区两者混合发生、混合为害,小麦,以成、若虫吸食麦叶汁液，受害叶上出现细小白点，后麦叶变黄，麦株生育不良，植株矮小，严重的全株干枯,麦圆蜘蛛：成虫体长0.6 - 0.98mm，宽0.43 - 0.65mm，卵圆形，黑褐色。4对足，第1对长，第4对居二，2、3对等长。具背肛。足、肛门周围红色。卵长0.2mm左右，椭圆形，初暗褐色，后变浅红色。若螨共4龄。一龄称幼螨，3对足，初浅红色，后变草绿色至黑褐色。2、3、4龄若螨4对足，体似成螨。麦长腿蜘蛛：成虫体长0.62 - 0.85mm，体纺锤形，两端较尖，紫红色至褐绿色。4对足，其中1、4对特别长。卵有2型：越夏卵圆柱形，长0.18mm，卵壳表面有白色蜡质，顶部覆有白色蜡质物，似草帽状，卵顶具放射形条纹；非越夏卵球形，粉红色，长0.15mm，表面生数十条隆起条纹。若虫共3龄。一龄称幼螨，3对足，初为鲜红色，吸食后为黑褐色，2、3龄有4对足，体形似成螨,麦圆蜘蛛年生2 - 3代，即春季繁殖1代，秋季1 - 2代，完成1个世代46 - 80天，以成虫或卵及若虫越冬。冬季几乎不休眠，耐寒力强，翌春2、3月越冬螨陆续孵化为害。3月中下旬 - 4月上旬虫口数量大，4月下旬大部分死亡，成虫把卵产在麦茬或土块上，10月越夏卵孵化，为害秋播麦苗。多行孤雌生殖，每雌产卵20多粒；春季多把卵产在小麦分蘖丛或土块上，秋季多产在须根或土块上，多聚集成堆，每堆数十粒，卵期20 - 90天，越夏卵期4 - 5个月。生长发育适温8 - 15℃，相对湿度高于70％，水浇地易发生。江苏早春降雨是影响该蜘蛛年度间发生程度的关键因素。麦长腿蜘蛛年生3 - 4代，以成虫和卵越冬，翌春2 - 3月成虫开始繁殖，越冬卵开始孵化，4 - 5月田间虫量多，5月中下旬后成虫产卵越夏，10月上中旬越夏卵孵化，为害麦苗。完成一个世代需24 - 46天。多行孤雌生殖。把卵产在麦田中硬土块或小石块及秸秆或粪块上，成、若虫亦群集，有假死性，主要发生在旱地麦田里,未提及,(1)因地制宜进行轮作倒茬，麦收后及时浅耕灭茬；冬春进行灌溉，可破坏其适生环境，减轻为害。(2)播种前用75％3911乳剂0.5kg，对水15 - 25kg，拌麦种150 - 250kg，拌后堆闷12小时后播种。(3)必要时用2％混灭威粉剂或1.5％乐果粉剂，每667m²用1.5 - 2.5kg喷粉，也可掺入30 - 40kg细土撤毒土。(4)虫口数量大时喷洒40％氧化乐果乳油或40％乐果乳油1500倍液，每667m²喷对好的药液75kg。(5)也可选用波美0.3 - 0.5度石硫合剂或50％硫悬浮剂667m²用200 - 400g对水50 - 75kg喷雾，可有效地防治麦蜘蛛，同时还可兼治白粉病和锈病。(6)上述措施不能奏效时，可喷洒15％哒螨灵乳油2000 - 3000倍液或20％绿保素(螨虫素十辛硫磷)乳油3000 - 4000倍液、36％克瞒蝇乳油1000 - 1500倍液，持效期10 - 15天,未提及
麦长管蚜（Sitobion avenae(Fabricius)、Macrosiphum avenae(Fabriciu3)）,全国各产麦区,麦类作物,麦长管蚜前期集中在叶正面或背面，后期集中在穗上刺吸汁液，致受害株生长缓慢，分蘖减少，千粒重下降，是麦类作物重要害虫，也是麦蚜中的优势种,无翅孤雌蚜体长3.1mm，宽1.4mm，长卵形，草绿色至橙红色，头部略显灰色，腹侧具灰绿色斑。触角、喙端节、跗节、腹管黑色。尾片色浅。腹部第6 - 8节及腹面具横网纹，无缘瘤。中胸腹岔短柄。额瘤显著外倾。触角细长，全长不及体长，第3节基部具1 - 4个次生感觉圈。喙粗大，超过中足基节。端节圆锥形，是基宽的1.8倍。腹管长圆筒形，长为体长1／4，在端部有网纹十几行。尾片长圆锥形，具毛6 - 7根。有翅孤雌蚜体长3.0mm，长卵形。头、胸黑色，腹部色浅至草绿色，腹侧具灰绿色斑。触角黑色，第3节具7 - 14个次生感觉圈，排成一列。前翅中脉分三叉，分叉处有翅痣,年生20 - 30代，在多数地区以无翅孤雌成蚜和若蚜在麦株根际或四周土块缝隙中越冬，有的可在背风向阳的麦田的麦叶上继续生活。在我国中部和南部属不全周期型，全年进行孤雌生殖不产生性蚜世代，夏季高温时在山区或高海拔阴凉地区的麦类自生苗或禾本科杂草上生活。在麦田春、秋两季出现两个高峰，夏天和冬季蚜量少。秋季冬麦出苗后从夏寄主迁入麦田短暂繁殖，出现小高峰但为害不重，11月中下旬后随气温下降开始越冬。春季返青后，气温高于6℃开始繁殖，低于15℃繁殖率不高，高于16℃麦苗抽穗时转移至穗部，虫口数量迅速上升，灌浆和乳熟期蚜量达高峰，气温高于22℃产生大量有翅蚜，迁飞到冷凉地带越夏。在北方春麦区或早播冬麦区常产生孤雌胎生世代和两性卵生世代，世代交替。多于9月迁入冬麦田，10月上旬均温14 - 16℃进入发生盛期，9月底出现性蚜，10月中旬开始产卵，11月中旬旬均温4℃进入产卵盛期并以此卵越冬。翌年3月中旬进入越冬卵孵化盛期，春季先在冬小麦上为害，4月中旬迁移到春麦上，穗期进入为害高峰期，6月中旬又产生有翅蚜，迁飞到冷凉地区越夏。适宜温度10 - 30℃，18 - 23℃最适，12 - 23℃产仔量48 - 50头，24℃则下降,未提及,(1)预测预报。当孕穗期有蚜株率达50％，百株平均蚜量200 - 250头或灌浆初期有蚜株率70％，百株平均蚜量500头时即应进行防治。(2)农业防治法：①选用抗虫品种，如“鲁麦23” 。②合理布局。冬春麦混种区，尽量减少冬小麦面积或冬麦与春麦分别集中种植，减少受害。③适时集中播种。冬麦适当晚播，春麦适时早播。④合理施肥浇水。(3)生物防治：减少或改进施药方法，避免杀伤麦田天敌。充分利用瓢虫、食蚜蝇、草蛉、蚜茧蜂等天敌，利用麦蚜复合天敌当量系统测定复合天敌发生时综合控蚜能力，测定天敌控蚜指标并与化防指标结合，为发挥天敌作用提供保证。必要时人工繁殖释放或助迁天敌。当天敌不能控制麦蚜时，选用0.2％苦参碱(克蚜素)水剂400倍液或杀蚜霉素(孢子含量200万个／ml)250倍液、50％辟蚜雾或40％氧乐果2000倍液，既能杀蚜又能保护天敌。(4)上述措施不能奏效的地区或田块可采用以下综防措施：①在小麦黄矮病流行区主要是苗期治蚜，用0.3％的75％3911乳油加种子量7％左右的清水拌种，或用50％灭蚜松乳油150ml对水5kg拌50kg麦种，堆闷6 - 12小时后播种。用3％呋喃丹颗粒剂或5％涕灭威颗粒剂、5％3911颗粒剂，每667m²1.5kg盖种，持效期1 - 1.5个月。②在非黄矮病流行期，重点防治穗期麦蚜，田间喷洒2.5％扑虱蚜可湿性粉剂或10％吡虫啉(一遍净)可湿性粉剂2500倍液或2.5％高渗吡虫啉可湿性粉剂3000倍液、50％抗蚜威可湿性粉剂3500 - 4000倍液、18％高渗氧乐果乳油1500倍液、50％马拉硫磷乳油1000倍液、20％康福多浓可溶剂或90％快灵可溶性粉剂3000 - 4000倍液、50％杀螟松乳油2000倍液或2.5％溴氰菊酯乳油3000倍液。也可选用40％辉丰1号乳油，每667m²30mL，对水40kg。③干旱地区每667m²可用40％乐果乳油50ml对水1 - 2kg拌细砂土15kg，或用80％敌敌畏乳油75ml拌土25kg，于小麦穗期清晨或傍晚撤施。为保护天敌，尽量选用对天敌杀伤力小的抗蚜威等农药。④麦蚜、白粉病混发时，喷洒11％氧乐・酮乳油100ml对水50kg，防治麦蚜效果与氧乐果相同，防治白粉病效果与三唑酮相当。⑤试用20％敌敌畏重烟剂9 - 10.5kg／hm²，放烟0.5小时后，烟云沉降到作物上，防效80％左右,瓢虫、食蚜蝇、草蛉、蜘蛛、蚜茧峰、蚜霉菌等
麦黑斑潜叶蝇（Cerodonta denticornis Panler）,甘肃、台湾等省,小麦,幼虫潜食叶肉，潜痕弯曲窄细,成虫体长2mm，黄褐色。头部黄色，间额褐色，单眼三角区黑色，复眼黑褐色，具蓝色荧光。触角黄色，触角芒不具毛。胸部黄色，背面具一“凸”字形黑斑块，前方与颈部相连，后方至中胸后盾片中部，黑斑中央具“v”字形浅洼；小盾片黄色，后盾片黑褐色。翅透明浅黑褐色。平衡棍浅黄色。各足腿节黄色。腹部5节，背板侧缘、后缘黄色，中部灰褐色生黑色毛；产卵器圆筒形黑色。幼虫体长2.5 - 3.0mm，乳白色，蛆状，前气门1对，黑色；后气门1对黑褐色，各具1短柄，分开向后突出。腹部端节下方具1对肉质突起，腹部各节间散布细密的微刺。蛹长2mm，浅褐色，体扁，前后气门可见,发生代数不详，可能以蛹越冬。4月上、中旬成虫开始在麦田活动，把卵产在麦叶上，幼虫孵化后潜入叶肉为害，造成麦叶部分干枯。幼虫老熟后，由虫道爬出，附着在叶表化蛹和羽化。4月下旬在甘肃春麦苗上发生普遍，9月间发生在自生麦上,未提及,以消灭成虫为主，于4月初春麦出苗、冬麦返青时，在田间喷撒2.5％敌百虫粉，消灭成虫，防其产卵,未提及
黍蚜（粟缢管蚜、小米蚜、麦缢管蚜、禾谷缢管蚜）,全国各地,小麦等禾本科植物,以成、若虫吸食叶片、茎秆和嫩穗的汁液，不仅影响植株正常生长，还会传播病毒病,无翅孤雌蚜体长1.9mm，宽卵形。活体黑绿色，嵌有黄绿色纹，被有薄粉。腹管基部四周具锈色纹。触角6节，黑色，长超过体之半。中胸腹岔无柄。中额瘤隆起。喙粗壮较中足基节长，长是宽的2倍。腹管长椭圆形。尾片长圆锥形，具4根毛。有翅孤雌蚜体长2.1mm，长卵形，活体头、胸黑色，腹部深绿色，具黑色斑纹。第7、8节腹背具中横带。腹管黑色。触角第3节具圆形次生感觉圈19 - 28个，第4节2 - 7个,年生10 - 20代。北方寒冷地区禾谷缢管蚜产卵于稠李、桃、李、榆叶梅等李属植物上越冬，翌春繁殖后迁飞到禾本科植物上，属异寄主全周期型。在温暖麦区则可以无翅孤雌成蚜和若蚜在冬麦田或禾本科杂草上越冬，营不全周期生活，冬季天暖仍在麦苗上活动。夏秋季主要在玉米上为害。麦收后转移到黍子和自生麦苗上，北方秋后迁往草丛中越冬，在冬麦区或冬麦、春麦混种区，秋末小麦出土后，迁回麦田繁殖。禾谷缢管蚜在30℃左右发育最快，喜高湿，不耐干旱,未提及,参见麦长管蚜。该蚜发生重的地区，要在苗期或拔节期注意防治虫源基地的蚜虫，穗期防治要在小麦扬花灌浆初期百株蚜量达到防治指标，益害比小于1：120，近日无大风大雨时及时进行防治,瓢虫、食蚜蝇、草蛉、蜘蛛、蚜茧峰、蚜霉菌等
黏虫（粟夜盗虫、剃枝虫、五彩虫、麦蚕等）,除新疆未见报道外，遍布全国各地,小麦等多种作物,幼虫食叶，大发生时可将作物叶片全部食光，造成严重损失。因其群聚性、迁飞性、杂食性、暴食性，成为全国性重要农业害虫,成虫体长15 - 17mm，翅展36 - 40mm。头部与胸部灰褐色，腹部暗褐色。前翅灰黄褐色、黄色或橙色，变化很多；内横线往往只现几个黑点，环纹与肾纹褐黄色，界限不显著，肾纹后端有一个白点，其两侧各有一个黑点；外横线为一列黑点；亚缘线自顶角内斜至Mz；缘线为一列黑点。后翅暗褐色，向基部色渐淡。卵长约0.5mm，半球形，初产白色渐变黄色，有光泽。卵粒单层排列成行成块。老熟幼虫体长38mm。头红褐色，头盖有网纹，额扁，两侧有褐色粗纵纹，略呈八字形，外侧有褐色网纹。体色由淡绿至浓黑，变化甚大（常因食料和环境不同而有变化）；在大发生时背面常呈黑色，腹面淡污色，背中线白色，亚背线与气门上线之间稍带蓝色，气门线与气门下线之间粉红色至灰白色。腹足外侧有黑褐色宽纵带，足的先端有半环式黑褐色趾钩。蛹长约19mm；红褐色；腹部5 - 7节背面前缘各有一列齿状点刻；臀棘上有刺4根，中央2根粗大，两侧的细短刺略弯,年发生世代数全国各地不一，从北至南世代数为：东北、内蒙古年生2 - 3代，华北中南部3 - 4代，江苏淮河流域4 - 5代，长江流域5 - 6代，华南6 - 8代。粘虫属迁飞性害虫，其越冬分界线在北纬33度一带。在33度以北地区任何虫态均不能越冬；在湖南、江西、浙江一带，以幼虫和蛹在稻桩、田埂杂草、绿肥田、麦田表土下等处越冬；在广东、福建南部终年繁殖，无越冬现象。北方春季出现的大量成虫系由南方迁飞所至。成虫产卵于叶尖或嫩叶、心叶皱缝间，常使叶片成纵卷。初孵幼虫腹足未全发育，行走如尺蠖；初龄幼虫仅能啃食叶肉，使叶片呈现白色斑点；3龄后可蚕食叶片成缺刻，5 - 6龄幼虫进入暴食期。幼虫共6龄。老熟幼虫在根际表土1 - 3cm做土室化蛹。发育起点温度：卵13.1±1℃，幼虫7.7±1.3℃，蛹12.0±0.5℃，成虫产卵9.0±0.8℃；整个生活史为9.6±1℃。有效发育积温：卵期4.3日度，幼虫期402.1日度，蛹期121.0日度，成虫产卵111日度；整个生活史为685.2日度。成虫昼伏夜出，傍晚开始活动。黄昏时觅食，半夜交尾产卵，黎明时寻找隐蔽场所。成虫对糖醋液趋性强，产卵趋向黄枯叶片。在麦田喜把卵产在麦株基部枯黄叶片叶尖处折缝里；在稻田多把卵产在中上部半枯黄的叶尖上，着卵枯叶纵卷成条状。每个卵块一般20 - 40粒，成条状或重叠，多者达200 - 300粒，每雌一生产卵1000 - 2000粒。初孵幼虫有群集性，1、2龄幼虫多在麦株基部叶背或分蘖叶背光处为害，3龄后食量大增，5 - 6龄进入暴食阶段，食光叶片或把穗头咬断，其食量占整个幼虫期90％左右，3龄后的幼虫有假死性，受惊动迅速卷缩坠地，畏光，晴天白昼潜伏在麦根处土缝中，傍晚后或阴天爬到植株上为害，幼虫发生量大食料缺乏时，常成群迁移到附近地块继续为害，老熟幼虫入土化蛹。适宜该虫温度为10 - 25℃，相对湿度为85％。产卵适温19 - 22℃，适宜相对湿度为90％左右，气温低于15℃或高于25℃，产卵明显减少，气温高于35℃即不能产卵。湿度直接影响初孵幼虫存活率的高低。该虫成虫需取食花蜜补充营养，遇有蜜源丰富，产卵量高；幼虫取食禾本科植物的发育快，羽化的成虫产卵量高。成虫喜在茂密的田块产卵，生产上长势好的小麦、粟、水稻田、生长茂密的密植田及多肥、灌溉好的田块，利于该虫大发生,未提及,(1)诱杀成虫。利用成虫多在禾谷类作物叶上产卵习性，在麦田插谷草把或稻草把，667m²60 - 100个，每5天更换新草把，把换下的草把集中烧毁。此外也可用糖醋盆、黑光灯等诱杀成虫，压低虫口。(2)根据预测预报，掌握在幼虫3龄前及时喷撒2.5％敌百虫粉或5％杀虫畏粉，每667m²喷1.5 - 2.5kg。有条件的喷洒90％晶体敌百虫1000倍液或50％马拉硫磷乳油1000 - 1500倍液、90％晶体敌百虫1500倍液加40％乐果乳油1500倍液，每667m²喷对好的药液75kg。提倡施用激素农药，667m²用20％除虫脲胶悬剂10ml，对水12.5kg，用东方红18型弥雾机喷洒。有条件的可用运 - 5型飞机进行超低量喷雾，每667m²用20％除虫腮1号胶悬剂10ml，对水0.5kg，适用于大面积联防。(3)防治粘虫药剂丁硫克百咸、辛硫磷、双甲脒单独防治粘虫时防效从高到低顺序为辛硫磷大于丁硫克百威大于双甲腺。丁硫克百威与辛硫磷以1：4混配，增效作用显著。双甲脒与丁硫克百威及双甲脒与辛硫磷1：1混配有增效作用,步行甲、蛙类、鸟类、寄生蜂、寄生蝇等
黑麦秆蝇（瑞典麦秆蝇、Oscinella frit (Linnaeus)）,北起内蒙古、新疆，南限稍过黄河、山东泰安、陕西镇巴，东临渤海，西经甘肃到达新疆喀什。山东淄博、河北坝上、山西、甘肃、宁夏、青海麦区均较普遍,小麦、燕麦等,幼虫钻入心叶或幼穗中为害，受害部枯萎或造成枯心。在分蘖以前受害较重。通常一代为害春小麦幼苗，二代为害燕麦穗，三代为害冬麦,成虫体长约1.8mm，全体黑色有光，较粗壮。前胸背板黑色。触角黑色，吻端白色，翅透明。股节黑色，跗节棕黄色。卵白色长圆柱形，具明显纵沟及纵脊。末龄幼虫体长4.5mm，前端较小，末节圆形，其末端具短小突起2个。初孵幼虫像水一样透明，成熟时变为圆柱形，蛆状，黄白色，口钩镰刀状。蛹长3mm，棕褐色，圆柱形，前端生小突起4个，后端有2个,年生3 - 4代，以老熟幼虫在冬作物或野生禾本科植物茎内越冬。翌年冰层融化时化蛹，20天后羽化为第一代成虫，经10 - 38天后产卵，每雌产卵70粒，多产在两、三个叶片的苗茎或叶舌及叶面或叶鞘上，偶尔产在土面或穗上。初孵幼虫蛀入茎内，取食心叶下部或穗芽，使之枯萎，并在这些地方化蛹。完成一个世代22 - 79天,未提及,参见麦秆蝇（(1)因地制宜选用适合当地的耐虫或早熟品种。(2)加强栽培管理，做到适期早播、合理密植。加强水肥管理，促进小麦生长整齐。加快小麦前期生长发育是控制该虫的根本措施。(3)加强麦秆蝇预测预报，冬麦区在3月中下旬，春麦区在5月中旬开始查虫，每隔2 - 3天于10时前后在麦苗顶端扫网200次，当200网有虫2 - 3头时，约在15天后即为越冬代成虫羽化盛期，是第一次药剂防治适期。冬麦区平均百网有虫25头，即需防治。(4)当麦秆蝇成虫已达防治指标，应马上喷撒2.5％敌百虫粉或1.5％乐果粉或1％1605粉剂，每667m² 1.5kg。(5)如麦秆蝇已大量产卵，及时喷洒36％克螨蝇乳油1000 - 1500倍液或50％1605乳油4000倍液或80％敌敌畏乳油与40％乐果乳油1：1混合后对水1000倍液或10％大功臣可湿性粉剂3000倍液、25％速灭威可湿性粉剂600倍液，每667m²喷对好的药液50 - 75L，把卵控制在孵化之前）,未提及
